state ; population ; infected ; death ; recovered ; migration ; politic ; density ; temperature ; employment ; poverly ; netspeed ; netcoverage ; rurality
Alabama ; 4833722 ; 14986 ; 566 ; 7951 ; 0.022612181668701676 ; 1 ; 96.9221 ; 45.0208 ; 4455590 ; 16.0 ; 33.7 ; 81.2 ; 34.2
Alaska ; 735132 ; 408 ; 10 ; 361 ; 0.043664267097609684 ; 1 ; 1.2863 ; -2.0000 ; 718584 ; 12.2 ; 27.9 ; 78.2 ; 50.6
Arizona ; 6626624 ; 16575 ; 807 ; 4204 ; 0.04130519552640983 ; 1 ; 64.9549 ; 42.5208 ; 6318657 ; 14.4 ; 33.9 ; 86.7 ; 19.4
Arkansas ; 2959373 ; 6029 ; 117 ; 4249 ; 0.02472787310014655 ; 1 ; 58.4030 ; 42.6208 ; 2728483 ; 15.5 ; 25.0 ; 76.7 ; 50.2
California ; 38332521 ; 96400 ; 3769 ; 92631.06 ; 0.013070442197109865 ; 0 ; 256.3728 ; 41.6208 ; 39623408 ; 12.5 ; 29.0 ; 94.5 ; 8.1
Colorado ; 5268367 ; 24256 ; 1333 ; 3666 ; 0.04539414205578313 ; 0 ; 56.4012 ; 27.3208 ; 6317666 ; 8.9 ; 40.9 ; 90.4 ; 17.9
Connecticut ; 3596080 ; 40873 ; 3742 ; 7127 ; 0.023558430290761052 ; 0 ; 735.8695 ; 31.2208 ; 4071818 ; 9.9 ; 41.8 ; 99 ; 5.8
Delaware ; 925749 ; 8965 ; 332 ; 4693 ; 0.037214190887594804 ; 0 ; 504.3073 ; 37.5208 ; 1052950 ; 9.6 ; 44.9 ; 97.5 ; 22.3
Florida ; 19552860 ; 51746 ; 2252 ; 49494.012 ; 0.030034532032654045 ; 1 ; 410.1259 ; 52.9208 ; 21640391 ; 13.6 ; 41.2 ; 94.9 ; 8.6
Georgia ; 9992167 ; 43400 ; 1848 ; 41552.013 ; 0.027448800645545657 ; 1 ; 186.6726 ; 45.7208 ; 10039531 ; 14.7 ; 39.1 ; 90.6 ; 24.8
Hawaii ; 1404054 ; 643 ; 17 ; 591 ; 0.03851276375410063 ; 0 ; 219.9424 ; 52.2208 ; 1453877 ; 9.5 ; 22.5 ; 96 ; 31.1
Idaho ; 1612136 ; 2626 ; 79 ; 1755 ; 0.049477835616846225 ; 1 ; 22.0970 ; 26.6208 ; 1611623 ; 11.3 ; 25.6 ; 82 ; 41.9
Illinois ; 12882135 ; 112017 ; 4885 ; 107132.017 ; 0.016039266783029367 ; 0 ; 228.0246 ; 34.0208 ; 14299174 ; 10.9 ; 40.4 ; 92.3 ; 15.5
Indiana ; 6570902 ; 31715 ; 1984 ; 29731.018 ; 0.02210594527204941 ; 1 ; 188.2809 ; 33.9208 ; 7188014 ; 11.8 ; 36.7 ; 85.7 ; 27.2
Iowa ; 3090416 ; 17557 ; 456 ; 9377 ; 0.024009389027237756 ; 1 ; 56.9284 ; 30.0208 ; 3575063 ; 9.2 ; 24.7 ; 83.7 ; 51.6
Kansas ; 2893957 ; 9125 ; 207 ; 493 ; 0.03308549505054843 ; 0 ; 35.5968 ; 36.5208 ; 3202927 ; 10.8 ; 39.9 ; 81.9 ; 45.2
Kentucky ; 4395295 ; 8571 ; 391 ; 3102 ; 0.025130508873693346 ; 0 ; 113.9566 ; 37.8208 ; 4203140 ; 15.3 ; 30.5 ; 85.3 ; 49.4
Louisiana ; 4625470 ; 37809 ; 2691 ; 28700 ; 0.017588482900116095 ; 0 ; 107.5174 ; 48.6208 ; 4579023 ; 19.8 ; 35.1 ; 84.6 ; 32.5
Maine ; 1328302 ; 2074 ; 78 ; 1290 ; 0.026128094364082866 ; 0 ; 43.6336 ; 23.2208 ; 1432474 ; 12.6 ; 21.2 ; 89.7 ; 51.9
Maryland ; 5928814 ; 47152 ; 2302 ; 3329 ; 0.02752928325968735 ; 1 ; 626.6735 ; 36.4208 ; 6206853 ; 7.1 ; 51.3 ; 96.7 ; 8.0
Massachusetts ; 6692824 ; 93271 ; 6416 ; 86855.025 ; 0.021521856842492797 ; 1 ; 894.4359 ; 30.1208 ; 8643460 ; 9.8 ; 43.5 ; 97.6 ; 3.5
Michigan ; 9895622 ; 54881 ; 5241 ; 33168 ; 0.01407450688799552 ; 0 ; 177.6650 ; 26.6208 ; 10241015 ; 11.0 ; 28.7 ; 88.3 ; 19.4
Minnesota ; 5420380 ; 21315 ; 890 ; 14816 ; 0.01849870304296009 ; 0 ; 71.5922 ; 23.4208 ; 7020027 ; 8.7 ; 36.8 ; 88.1 ; 31.8
Mississippi ; 2991207 ; 13458 ; 635 ; 9401 ; 0.02273329796299621 ; 1 ; 63.7056 ; 45.6208 ; 2478495 ; 19.8 ; 25.2 ; 70.2 ; 61.7
Missouri ; 6044171 ; 12476 ; 689 ; 11787.029 ; 0.025202132765601768 ; 1 ; 89.7453 ; 36.8208 ; 6586786 ; 11.9 ; 38.5 ; 80.1 ; 33.9
Montana ; 1015165 ; 479 ; 16 ; 441 ; 0.042727044372097144 ; 0 ; 7.4668 ; 24.9208 ; 1105698 ; 10.4 ; 20.3 ; 69.2 ; 72.7
Nebraska ; 1868516 ; 12362 ; 147 ; 12215.031 ; 0.029209811422540668 ; 1 ; 25.4161 ; 31.0208 ; 2225692 ; 10.4 ; 27.1 ; 82.4 ; 45.5
Nevada ; 2790136 ; 7956 ; 394 ; 359 ; 0.04564723726728733 ; 0 ; 28.5993 ; 32.1208 ; 3056642 ; 12.2 ; 34.3 ; 91.8 ; 10.8
New Hampshire ; 1323459 ; 4197 ; 210 ; 2204 ; 0.03654589979742478 ; 1 ; 153.1610 ; 26.0208 ; 1616350 ; 6.4 ; 37.4 ; 94.3 ; 38.2
New Jersey ; 8899339 ; 155092 ; 11147 ; 25253 ; 0.017961558718012652 ; 0 ; 1215.1985 ; 34.9208 ; 9859037 ; 9.1 ; 52.0 ; 99 ; 1.5
New Mexico ; 2085287 ; 7026 ; 320 ; 2464 ; 0.028805627235004103 ; 0 ; 17.2850 ; 35.6208 ; 1713657 ; 18.7 ; 30.0 ; 80.3 ; 41.4
New York ; 19651127 ; 362764 ; 29229 ; 64280 ; 0.012948214115149731 ; 0 ; 412.5218 ; 27.6208 ; 22147985 ; 11.8 ; 45.2 ; 97.8 ; 10.6
North Carolina ; 9848060 ; 24057 ; 790 ; 14954 ; 0.03235977441242235 ; 0 ; 218.2710 ; 41.2208 ; 9868070 ; 14.1 ; 42.4 ; 93.1 ; 30.9
North Dakota ; 723393 ; 2457 ; 54 ; 1551 ; 0.04663440204702009 ; 1 ; 11.0393 ; 22.6208 ; 944423 ; 10.9 ; 28.6 ; 92.2 ; 57.7
Ohio ; 11570808 ; 32477 ; 1987 ; 30490.039 ; 0.017114275856966947 ; 1 ; 287.5040 ; 32.9208 ; 12502230 ; 12.8 ; 32.1 ; 91.9 ; 22.7
Oklahoma ; 3850568 ; 6090 ; 313 ; 4714 ; 0.02777330513316477 ; 1 ; 57.6546 ; 41.8208 ; 3679022 ; 14.0 ; 40.2 ; 73.3 ; 44.9
Oregon ; 3930065 ; 3949 ; 148 ; 1376 ; 0.035782359833743206 ; 0 ; 44.8086 ; 30.6208 ; 4399279 ; 10.6 ; 39.1 ; 89.7 ; 30.6
Pennsylvania ; 12773801 ; 71925 ; 5146 ; 40911 ; 0.019846872516645592 ; 0 ; 286.5454 ; 31.0208 ; 14219391 ; 11.5 ; 41.4 ; 94.7 ; 18.9
Rhode Island ; 1051511 ; 14065 ; 608 ; 1119 ; 0.031232198236632806 ; 0 ; 1021.4313 ; 32.3208 ; 1182747 ; 10.3 ; 46.7 ; 98.2 ; 2.3
South Carolina ; 4774839 ; 10178 ; 440 ; 6063 ; 0.03905995573882177 ; 1 ; 173.3176 ; 44.6208 ; 4840298 ; 14.1 ; 39.3 ; 88.2 ; 29.1
South Dakota ; 844877 ; 4586 ; 50 ; 3415 ; 0.03169100354252749 ; 1 ; 11.9116 ; 27.4208 ; 1004981 ; 11.8 ; 26.8 ; 85.3 ; 62.2
Tennessee ; 6495978 ; 20535 ; 338 ; 13073 ; 0.03223179019387073 ; 1 ; 167.2749 ; 39.8208 ; 6780993 ; 12.6 ; 36.6 ; 89.9 ; 31.2
Texas ; 26448193 ; 56409 ; 1533 ; 35292 ; 0.02132262873308585 ; 1 ; 112.8204 ; 47.0208 ; 27507052 ; 13.7 ; 46.9 ; 86.9 ; 17.4
Utah ; 2900872 ; 8521 ; 98 ; 5218 ; 0.0347564456480672 ; 1 ; 39.9430 ; 30.8208 ; 3361622 ; 7.9 ; 37.2 ; 94.9 ; 17.5
Vermont ; 626630 ; 962 ; 54 ; 843 ; 0.04198011585784275 ; 1 ; 68.1416 ; 25.1208 ; 736384 ; 9.6 ; 22.4 ; 86.1 ; 70.6
Virginia ; 8260405 ; 37727 ; 1208 ; 5145 ; 0.0331706496231117 ; 0 ; 218.4404 ; 37.3208 ; 8712574 ; 10.7 ; 48.7 ; 89.9 ; 18.9
Washington ; 6971406 ; 20065 ; 1070 ; 18995.053 ; 0.037425162155238126 ; 0 ; 117.3273 ; 30.5208 ; 7474534 ; 10.3 ; 41.0 ; 94.2 ; 16.8
West Virginia ; 1854304 ; 1774 ; 72 ; 1135 ; 0.023642833106114206 ; 1 ; 73.9691 ; 34.0208 ; 1466658 ; 17.2 ; 29.9 ; 75.2 ; 51.9
Wisconsin ; 5742713 ; 15584 ; 514 ; 9207 ; 0.019957988497771 ; 0 ; 108.0496 ; 25.3208 ; 6787539 ; 9.5 ; 37.4 ; 85.3 ; 32.7
Wyoming ; 582658 ; 843 ; 12 ; 575 ; 0.04416656082985216 ; 1 ; 5.8400 ; 24.2208 ; 591087 ; 11.4 ; 26.8 ; 74.5 ; 74.0
